"id","relacionados","name","description","precio","imagen","categorias","linkPago","subcategorias","oferta"
5032,"5031","GORRO TEJIDO C/FORMA STITCH - ROSA","7730784169190 ""GORRO TEJIDO ESTAMPADO Y FORMA DE STITCH - COMPOSICIÓN: 100% POLIESTER - SE AJUSTA CON EL USO DIARIO.""","750.00","https://nuve-s3-dev.s3.amazonaws.com/media/public/product_images/GORRO_TEJIDO_C/FORMA_STITCH_-_ROSA_958b35c4-76e5-11f0-83ff-0242ac110002/958974a0-76e5-11f0-83ff-0242ac110002.jpg","Ropa",,Gorros,true
5031,"5032","GORRO TEJIDO C/FORMA STITCH AZUL","7730784153984 ""GORRO TEJIDO ESTAMPADO Y FORMA DE STITCH - COMPOSICIÓN: 100% POLIESTER - SE AJUSTA CON EL USO DIARIO.""","750.00","https://nuve-s3-dev.s3.amazonaws.com/media/public/product_images/GORRO_TEJIDO_C/FORMA_STITCH_AZUL_4c2bd258-76e5-11f0-a2c2-0242ac110002/4c2a3f92-76e5-11f0-a2c2-0242ac110002.jpg","Ropa",,Gorros,
5030,,"CUELLO POLAR STITCH CELESTE","7730784169350 CUELLO SUPER ABRIGADO. SE PUEDE UTILIZAR COMO GORRO. COMPOSICIÓN 100% POLIÉSTER. MEDIDAS: 60cm LARGO x 25cm DIAMETRO.","300.00","https://nuve-s3-dev.s3.amazonaws.com/media/public/product_images/CUELLO_POLAR_STITCH_CELESTE_f8ce595a-76e4-11f0-a695-0242ac110002/f8cc734c-76e4-11f0-a695-0242ac110002.jpg","Ropa",,,true
5029,,"TOALLA FELPA 70*115 V STITCH","7900033109684 TOALLA DE BAÑO INFANTIL CON ESTAMPADO DE STITCH - MEDIDA: 70x115cm - COMPOSICIÓN: 100% ALGODÓN - GRAMAJE: 335 g/m2 - SUAVE AL TACTO.","600.00","https://nuve-s3-dev.s3.amazonaws.com/media/public/product_images/TOALLA_FELPA_70*115_V_STITCH_bc04a78c-7490-11f0-a2c2-0242ac110002/bc02d830-7490-11f0-a2c2-0242ac110002.jpg","Baño",,,
5028,"5027","PLAYERA VELOUR 70*130 N STITCH MENTA","7730784168520 TOALLA DE BAÑO INFANTIL CON ESTAMPADO DE STITCH - MEDIDA: 70x130cm - COMPOSICIÓN: 100% ALGODÓN - GRAMAJE: 320 g/m2 - SUAVE AL TACTO.","825.00","https://nuve-s3-dev.s3.amazonaws.com/media/public/product_images/PLAYERA_VELOUR_70*130_N_STITCH_MENTA_0d4d4e56-7490-11f0-83ff-0242ac110002/0d4bb500-7490-11f0-83ff-0242ac110002.jpg","Baño",,,
5027,"5028","PLAYERA VELOUR 70*130 N STITCH","7900033109677 TOALLA DE BAÑO INFANTIL CON ESTAMPADO DE STITCH - MEDIDA: 70x130cm - COMPOSICIÓN: 100% ALGODÓN - GRAMAJE: 320 g/m2 - SUAVE AL TACTO.","825.00","https://nuve-s3-dev.s3.amazonaws.com/media/public/product_images/PLAYERA_VELOUR_70*130_N_STITCH_d11fb888-748f-11f0-a695-0242ac110002/d11e2e28-748f-11f0-a695-0242ac110002.jpg","Baño",,,
5026,"5025","CANTIMPLORA 510 ML STITCH","8412497750429 BOTELLA DE AGUA REUTILIZABLE DE PLÁSTICO - DISPONE DE UN PRÁCTICO SORBITO PARA FACILITAR SU USO Y TIENE TAPÓN CON BOTÓN QUE EVITARÁ DERRAMES Y SALPICADURAS ACCIDENTALES - CAPACIDAD: 510 ML - LIBRE DE BPA.","600.00","https://nuve-s3-dev.s3.amazonaws.com/media/public/product_images/CANTIMPLORA_510_ML_STITCH_2c2eb6ca-73c8-11f0-83ff-0242ac110002/2c2cbc12-73c8-11f0-83ff-0242ac110002.jpg","Infantil",,,
5025,"5026","CANTIMPLORA 465ML STITCH","8412497750221 PRÁCTICA CANTIMPLORA DE PLÁSTICO CON UN SORBITO, TAPA Y CORREA - CAPACIDAD: 465 ML - LIBRE DE BPA.","465.00","https://nuve-s3-dev.s3.amazonaws.com/media/public/product_images/CANTIMPLORA_465ML_STITCH_fc7c67ec-73c7-11f0-83ff-0242ac110002/fc7921b8-73c7-11f0-83ff-0242ac110002.jpg","Infantil",,,
5024,"5023","BOTELLA 410 ML STITCH","8412497750313 BOTELLA CON BOQUILLA CON SORBITO PARA BEBER. CUENTA CON UN AGARRE EN LA TAPA - CAPACIDAD: 410ml - MEDIDAS: 15cm ALTO x 6cm DIAMETRO.","450.00","https://nuve-s3-dev.s3.amazonaws.com/media/public/product_images/BOTELLA_410_ML_STITCH_d6adb610-73c7-11f0-83ff-0242ac110002/d6abe33a-73c7-11f0-83ff-0242ac110002.jpg","Infantil",,,
5023,"5024","BOTELLA 370 ML SCHOOL STITCH","8412497750108 RESISTENTE BOTELLA DE PLÁSTICO CON BOQUILLA Y TAPÓN DE SEGURIDAD QUE EVITARÁN SALPICADURAS Y DERRAMES ACCIDENTALES - CAPACIDAD: 370 ML - LIBRE DE BPA - FÁCIL LIMPIEZA.","397.50","https://nuve-s3-dev.s3.amazonaws.com/media/public/product_images/BOTELLA_370_ML_SCHOOL_STITCH_9c6102b4-73c7-11f0-83ff-0242ac110002/9c5eea24-73c7-11f0-83ff-0242ac110002.jpg","Infantil",,,
5022,,"BOTELLA FUN 600ML STITCH","7899808843383 BOTELLA DE PLASTICO CON TAPA ABRE FACIL Y AGARRE. CAPACIDAD: 600ML - VIENE CON STICKERS PARA DECORAR.","225.00","https://nuve-s3-dev.s3.amazonaws.com/media/public/product_images/BOTELLA_FUN_600ML_STITCH_73aa72ec-73c7-11f0-83ff-0242ac110002/73a8e2c4-73c7-11f0-83ff-0242ac110002.jpg","Infantil",,,
5021,,"REPASADOR DOHLER TECILAR INF X 2 STITCH","7900033106768 SET X2 REPASADORES INFANTILES CON ESTAMPADO DE STITCH - MEDIDA: 45x65xm - COMPOSICIÓN: 100% ALGODÓN - GRAMAJE: 240g/m2.","300.00","https://nuve-s3-dev.s3.amazonaws.com/media/public/product_images/REPASADOR_DOHLER_TECILAR_INF_X_2_STITCH_fca323cc-72f1-11f0-83ff-0242ac110002/fca1afec-72f1-11f0-83ff-0242ac110002.jpg","Infantil",,,
1108,,"ACOLCHADO PLUMA 220*240 HOME CLASS - INDIGO"," - SKU: 7730784110536 ACOLCHADO 2 PLAZAS - MEDIDAS: 220x240cm - CUBIERTA 100% MICROFIBRA / RELLENO, 100% PLUMA.","4125.00","https://nuve-s3-dev.s3.amazonaws.com/media/public/product_images/ACOLCHADO_PLUMA_220*240_HOME_CLASS_-_INDIGO_5b958d26-f053-11ed-83a5-0242ac110002/7730784110536.jpg","Cama",,,
5020,,"FRAZADA KING POLAR EST FLORES ROSA","7730784142735 FRAZADA TELA POLAR ANTIPILLING ESTAMPADA - TACTO SUAVE, LIVIANA Y ABRIGADA - TAMAÑO: KING SIZE. MEDIDA: 240x260cm, COMPOSICIÓN: 100% POLYESTER.","1125.00","https://nuve-s3-dev.s3.amazonaws.com/media/public/product_images/FRAZADA_KING_POLAR_EST_FLORES_ROSA_f0661980-7219-11f0-a695-0242ac110002/f0646586-7219-11f0-a695-0242ac110002.jpg","Cama",,,
1568,,"SABANA AJUSTABLE QUEEN SIZE RICHMOND - CELESTE","7730784129750 SÁBANA AJUSTABLE RICHMOND QUEEN SIZE - MEDIDAS: 160x200+30cm - COMPOSICIÓN: 100% MICROFIBRA, GRAN CALIDAD - TOQUE SUAVE, NO DESTIÑE.","675.00","https://nuve-s3-dev.s3.amazonaws.com/media/public/product_images/SABANA_AJUSTABLE_QUEEN_SIZE_RICHMOND_-_CELESTE_a626dcb0-1d9d-11ee-988b-0242ac110002/7730784129750.jpg","Cama",,,
1571,,"SABANA AJUSTABLE KING SIZE KANGURO MIC FUCSIA - PURPURA","7730784058449 CAMA SABANA AJUSTABLE KING SIZE KANGURO MIC FUCSIA - PURPURA","675.00","https://nuve-s3-dev.s3.amazonaws.com/media/public/product_images/SABANA_AJUSTABLE_KING_SIZE_KANGURO_MIC_FUCSIA_-_PURPURA_a8525366-1d9d-11ee-988b-0242ac110002/7730784058449.jpg","Cama",,,
2452,,"PROTECTOR DE COLCHON RICHMOND 1 PLAZA- BLANCO","SKU: 7730784141790 PROTECTOR CAPITONEADO, RELLENO CON GUATA SILICONADA, TIENE ELASTICO PARA MEJOR AGARRE Y COBERTURA DEL COLCHÓN. EXCELENTE CALIDAD Y ALTA PERFORMANCE.  MEDIDA: 90x190cm.","1574.25","https://nuve-s3-dev.s3.amazonaws.com/media/public/product_images/PROTECTOR_DE_COLCHON_RICHMOND_1_PLAZA-_BLANCO_565a44c8-57c3-11ee-a15c-0242ac120002/7730784141790_1.jpg","Cama",,,
2424,,"COLCHA H&K PORTUGAL 2 PLAZAS BLANCO","SKU: 7730784122379 COLCHA 100% MICROFIBRA - MEDIDAS: 220x240cm","2925.00","https://nuve-s3-dev.s3.amazonaws.com/media/public/product_images/COLCHA_H%26K_PORTUGAL_2_PLAZAS_BLANCO_3f802e70-57c3-11ee-a15c-0242ac120002/7730784122379_1.jpg","Cama",,,
3075,"3073","JUEGO SABANA QUEEN 180H L HOME CLASS - GRIS","7730784145118 ""JUEGO DE SABANAS 100% ALGODÓN - 180HILOS QUEEN SIZE - SABANA AJUSTABLE: 160x200+30cm. SABANA SUPERIOR: 240x260cm. 2 FUNDAS: 50x70cm.""","3375.00","https://nuve-s3-dev.s3.amazonaws.com/media/public/product_images/JUEGO_SABANA_QUEEN_180H_L_HOME_CLASS_-_GRIS_c3d5cdec-a403-11ee-b382-0242ac110002/c3d399c8-a403-11ee-b382-0242ac110002.jpg","Cama",,,
3073,"3075","JUEGO SABANA 1 PLAZA 180H L HOME CLASS - GRIS","7730784145071 ""JUEGO DE SABANAS 100% ALGODÓN - 180HILOS 1 PLAZA - SABANA AJUSTABLE: 100x200+30cm. SABANA SUPERIOR: 180x260cm. 1 FUNDA: 50x70cm.""","2550.00","https://nuve-s3-dev.s3.amazonaws.com/media/public/product_images/JUEGO_SABANA_1_PLAZA_180H_L_HOME_CLASS_-_GRIS_797c9aa0-a403-11ee-b382-0242ac110002/797aef16-a403-11ee-b382-0242ac110002.jpg","Cama",,,
1560,,"JUEGO SABANA 2 PLAZAS RICHMOND LISA - CELESTE","7730784138080 ""JUEGO DE SÁBANA 2 PLAZAS. SÁBANA SUPERIOR: 200x225cm, SÁBANA AJUSTABLE: 140x190+30cm, 2 FUNDAS: 50x70cm. 100% MICROFIBRA, GRAN CALIDAD - TOQUE SUAVE, NO DESTIÑE.""","1124.25","https://nuve-s3-dev.s3.amazonaws.com/media/public/product_images/JUEGO_SABANA_2_PLAZAS_RICHMOND_LISA_-_CELESTE_9d358db8-1d9d-11ee-988b-0242ac110002/7730784138080.jpg","Cama",,,
1126,"1123 1125","ALFOMBRA DOHLER HOME CLASS CHENILLE 40*60 - BORDO"," - SKU: 7730784107932","396.75","https://nuve-s3-dev.s3.amazonaws.com/media/public/product_images/ALFOMBRA_DOHLER_HOME_CLASS_CHENILLE_40*60_-_BORDO_6a03562c-f053-11ed-83a5-0242ac110002/7730784107932.jpg","Baño",,,
1123,"1126 1125","ALFOMBRA DOHLER HOME CLASS CHENILLE 40*60 - BEIGE","ALFOMBRA DE BAÑO, TAMAÑO: 40x60cm - COMPOSICIÓN: 100% POLIÉSTER, ANTIDESLIZANTE, VARIOS COLORES, - SKU: 7730784107963","396.75","https://nuve-s3-dev.s3.amazonaws.com/media/public/product_images/ALFOMBRA_DOHLER_HOME_CLASS_CHENILLE_40*60_-_BEIGE_67a81502-f053-11ed-83a5-0242ac110002/7730784107963.jpg","Baño",,,"true"
1125,"1126 1123","ALFOMBRA DOHLER HOME CLASS CHENILLE 40*60 - BLANCO"," - SKU: 7730784112004 ALFOMBRA DE BAÑO, TAMAÑO: 40x60cm - COMPOSICIÓN: 100% POLIÉSTER, ANTIDESLIZANTE, VARIOS COLORES.","396.75","https://nuve-s3-dev.s3.amazonaws.com/media/public/product_images/ALFOMBRA_DOHLER_HOME_CLASS_CHENILLE_40*60_-_BLANCO_692ee59a-f053-11ed-83a5-0242ac110002/7730784112004.jpg","Baño",,,
5019,,"FRAZADA CORAL 127*152 SIRENITA ARIEL - BLANCO","7730784165420 FRAZADA CORAL FREECE. SUAVE AL TACTO. ABRIGADA. LIVIANA Y DECORATIVA - MEDIDAS: 127x152cm.","1200.00","https://nuve-s3-dev.s3.amazonaws.com/media/public/product_images/FRAZADA_CORAL_127*152_SIRENITA_ARIEL_-_BLANCO_ee2da29e-6cad-11f0-abb1-0242ac110002/ee2becce-6cad-11f0-abb1-0242ac110002.jpg","Cama",,,
5018,"5016 5015 5014 5013 5012 5011 5010 5009 5008 5007 5006 5005 5001","COLCHA DOHLER PROVENCA KING C/FUNDA - BEIGE","7900033036485 COLCHA DOHLER TAMAÑO KING SIZE - MATERIAL: 100% POLIESTER - GRAMAJE: 260G/M2 - INCLUYE: 1 COLCHA DE 280x250cm + 2 FUNDA 50x70cm.","3150.00","https://nuve-s3-dev.s3.amazonaws.com/media/public/product_images/COLCHA_DOHLER_PROVENCA_KING_C/FUNDA_-_BEIGE_d23dc1cc-6668-11f0-9674-0242ac110002/d23c5e86-6668-11f0-9674-0242ac110002.jpg","Cama",,,"true"
5016,"5018 5015 5014 5013 5012 5011 5010 5009 5008 5007 5006 5004 5000","COLCHA DOHLER PROVENCA QUEEN C/FUNDA - BEIGE","7900033036577 COLCHA DOHLER TAMAÑO QUEEN SIZE - MATERIAL: 100% POLIESTER - GRAMAJE: 260G/M2 - INCLUYE: 1 COLCHA DE 240x250cm + 2 FUNDA 50x70cm.","3000.00","https://nuve-s3-dev.s3.amazonaws.com/media/public/product_images/COLCHA_DOHLER_PROVENCA_QUEEN_C/FUNDA_-_BEIGE_2c61e5f8-6348-11f0-abb1-0242ac110002/2c5ff9be-6348-11f0-abb1-0242ac110002.jpg","Cama",,,
5015,"5018 5016 5014 5013 5012 5011 5010 5009 5008 5007 5006 5003 4999","COLCHA DOHLER PROVENCA FULL C/FUNDA - BEIGE","7900033036669 COLCHA DOHLER TAMAÑO 2 PLAZAS - MATERIAL: 100% POLIESTER - GRAMAJE: 260G/M2 - INCLUYE: 1 COLCHA DE 220x250cm + 2 FUNDAS 50x70cm.","2775.00","https://nuve-s3-dev.s3.amazonaws.com/media/public/product_images/COLCHA_DOHLER_PROVENCA_FULL_C/FUNDA_-_BEIGE_e5cad708-6347-11f0-8f94-0242ac110002/e5c94122-6347-11f0-8f94-0242ac110002.jpg","Cama",,,
5014,"5018 5016 5015 5013 5012 5011 5010 5009 5008 5007 5006 5002 4998","COLCHA DOHLER PROVENCA TWIN C/FUNDA - BEIGE","7900033036720 COLCHA DOHLER TAMAÑO 1 PLAZA - MATERIAL: 100% POLIESTER - GRAMAJE: 260G/M2 - INCLUYE: 1 COLCHA DE 160x250cm + 1 FUNDA 50x70cm.","1950.00","https://nuve-s3-dev.s3.amazonaws.com/media/public/product_images/COLCHA_DOHLER_PROVENCA_TWIN_C/FUNDA_-_BEIGE_bb7b73fe-6347-11f0-abb1-0242ac110002/bb79c0ae-6347-11f0-abb1-0242ac110002.jpg","Cama",,,
5013,"5018 5016 5015 5014 5012 5011 5010 5009 5008 5007 5006 5005 5001","COLCHA DOHLER PROVENCA KING C/FUNDA - SALMON","7900033036478","3150.00","https://nuve-s3-dev.s3.amazonaws.com/media/public/product_images/COLCHA_DOHLER_PROVENCA_KING_C/FUNDA_-_SALMON_658613c8-6347-11f0-8f94-0242ac110002/6584731a-6347-11f0-8f94-0242ac110002.jpg","Cama",,,
5012,"5018 5016 5015 5014 5013 5011 5010 5008 5006 5004 5000","COLCHA DOHLER PROVENCA QUEEN C/FUNDA - SALMON","7900033036560 COLCHA DOHLER TAMAÑO QUEEN SIZE - MATERIAL: 100% POLIESTER - GRAMAJE: 260G/M2 - INCLUYE: 1 COLCHA DE 240x250cm + 2 FUNDA 50x70cm.","3000.00","https://nuve-s3-dev.s3.amazonaws.com/media/public/product_images/COLCHA_DOHLER_PROVENCA_QUEEN_C/FUNDA_-_SALMON_b02bfeda-6345-11f0-abb1-0242ac110002/b02a6f5c-6345-11f0-abb1-0242ac110002.jpg","Cama",,,
5011,"5018 5016 5015 5014 5013 5012 5010 5009 5008 5007 5006 5003 4999","COLCHA DOHLER PROVENCA FULL C/FUNDA - SALMON","7900033036652 COLCHA DOHLER TAMAÑO 2 PLAZAS - MATERIAL: 100% POLIESTER - GRAMAJE: 260G/M2 - INCLUYE: 1 COLCHA DE 220x250cm + 2 FUNDAS 50x70cm.","2775.00","https://nuve-s3-dev.s3.amazonaws.com/media/public/product_images/COLCHA_DOHLER_PROVENCA_FULL_C/FUNDA_-_SALMON_87579154-6345-11f0-8f94-0242ac110002/8755fce0-6345-11f0-8f94-0242ac110002.jpg","Cama",,,
5010,"5018 5016 5015 5014 5013 5012 5011 5009 5008 5007 5006 5002 4998","COLCHA DOHLER PROVENCA TWIN C/FUNDA - SALMON","7900033036713 COLCHA DOHLER TAMAÑO 1 PLAZA - MATERIAL: 100% POLIESTER - GRAMAJE: 260G/M2 - INCLUYE: 1 COLCHA DE 160x250cm + 1 FUNDA 50x70cm.","1950.00","https://nuve-s3-dev.s3.amazonaws.com/media/public/product_images/COLCHA_DOHLER_PROVENCA_TWIN_C/FUNDA_-_SALMON_630c8f0c-6345-11f0-8f94-0242ac110002/630afc50-6345-11f0-8f94-0242ac110002.jpg","Cama",,,
5009,"5018 5016 5015 5014 5013 5011 5010 5008 5007 5006","COLCHA DOHLER PROVENCA KING C/FUNDA - AZUL MARINO","7900033036461 COLCHA DOHLER TAMAÑO KING SIZE - MATERIAL: 100% POLIESTER - GRAMAJE: 260G/M2 - INCLUYE: 1 COLCHA DE 280x250cm + 2 FUNDA 50x70cm.","3150.00","https://nuve-s3-dev.s3.amazonaws.com/media/public/product_images/COLCHA_DOHLER_PROVENCA_KING_C/FUNDA_-_AZUL_MARINO_3a91b5fc-6345-11f0-9674-0242ac110002/3a8ffcd0-6345-11f0-9674-0242ac110002.jpg","Cama",,,
5008,"5018 5016 5015 5014 5013 5012 5011 5010 5009 5007 5006 5000","COLCHA DOHLER PROVENCA QUEEN C/FUNDA - AZUL MARINO","7900033036553 COLCHA DOHLER TAMAÑO QUEEN SIZE - MATERIAL: 100% POLIESTER - GRAMAJE: 260G/M2 - INCLUYE: 1 COLCHA DE 240x250cm + 2 FUNDA 50x70cm.","3000.00","https://nuve-s3-dev.s3.amazonaws.com/media/public/product_images/COLCHA_DOHLER_PROVENCA_QUEEN_C/FUNDA_-_AZUL_MARINO_c957f112-6344-11f0-abb1-0242ac110002/c95640e2-6344-11f0-abb1-0242ac110002.jpg","Cama",,,
5007,"5018 5016 5015 5014 5013 5011 5010 5009 5008 5006","COLCHA DOHLER PROVENCA FULL C/FUNDA - AZUL MARINO","7900033036645 COLCHA DOHLER TAMAÑO 2 PLAZAS - MATERIAL: 100% POLIESTER - GRAMAJE: 260G/M2 - INCLUYE: 1 COLCHA DE 220x250cm + 2 FUNDAS 50x70cm.","2775.00","https://nuve-s3-dev.s3.amazonaws.com/media/public/product_images/COLCHA_DOHLER_PROVENCA_FULL_C/FUNDA_-_AZUL_MARINO_77087ecc-6344-11f0-9674-0242ac110002/7706e846-6344-11f0-9674-0242ac110002.jpg","Cama",,,
5006,"5018 5016 5015 5014 5013 5012 5011 5010 5009 5008 5007","COLCHA DOHLER PROVENCA TWIN C/FUNDA - AZUL MARINO","7900033036706 COLCHA DOHLER TAMAÑO 1 PLAZA - MATERIAL: 100% POLIESTER - GRAMAJE: 260G/M2 - INCLUYE: 1 COLCHA DE 160x250cm + 1 FUNDA 50x70cm.","1950.00","https://nuve-s3-dev.s3.amazonaws.com/media/public/product_images/COLCHA_DOHLER_PROVENCA_TWIN_C/FUNDA_-_AZUL_MARINO_504714f6-6344-11f0-8f94-0242ac110002/50456cdc-6344-11f0-8f94-0242ac110002.jpg","Cama",,,
1563,"3468","JUEGO SABANA QUEEN SIZE RICHMOND LISA - BLANCO","7730784124632 JUEGO DE SABANA QUEEN SIZE. SABANA SUPERIOR: 240x225cm, SABANA AJUSTABLE: 160x200+30cm, 2 FUNDAS: 50x70cm. 100% MICROFIBRA. GRAN CALIDAD - TOQUE SUAVE, NO DESTIÑE.","1200.75","https://nuve-s3-dev.s3.amazonaws.com/media/public/product_images/JUEGO_SABANA_QUEEN_SIZE_RICHMOND_LISA_-_BLANCO_a13323f8-1d9d-11ee-988b-0242ac110002/7730784124632.jpg","Cama",,,
3468,"1563","JUEGO SABANA QUEEN SIZE RICHMOND LISA - JADE","7730784138097 JUEGO DE SABANA QUEEN SIZE. SABANA SUPERIOR: 240x225cm, SABANA AJUSTABLE: 160x200+30cm, 2 FUNDAS: 50x70cm. 100% MICROFIBRA. GRAN CALIDAD - TOQUE SUAVE, NO DESTIÑE.","1200.75","https://nuve-s3-dev.s3.amazonaws.com/media/public/product_images/JUEGO_SABANA_QUEEN_SIZE_RICHMOND_LISA_-_JADE_6c026572-f5dd-11ee-aab3-0242ac110002/6c010f42-f5dd-11ee-aab3-0242ac110002.jpg","Cama",,,
5005,"5018 5013 5004 5003 5002 5001","COLCHA DOHLER PROVENCA KING - VERDE AGUA","7900033036591 COLCHA DOHLER TAMAÑO KING SIZE - MATERIAL: 100% POLIESTER - GRAMAJE: 260G/M2 - INCLUYE: 1 COLCHA DE 280x250cm + 2 FUNDA 50x70cm.","3150.00","https://nuve-s3-dev.s3.amazonaws.com/media/public/product_images/COLCHA_DOHLER_PROVENCA_KING_-_VERDE_AGUA_bec40d66-61b0-11f0-abb1-0242ac110002/bec25d36-61b0-11f0-abb1-0242ac110002.jpg","Cama",,,
5004,"5016 5012 5005 5003 5002 5000","COLCHA DOHLER PROVENCA QUEEN - VERDE AGUA","7900033036539 COLCHA DOHLER TAMAÑO QUEEN SIZE - MATERIAL: 100% POLIESTER - GRAMAJE: 260G/M2 - INCLUYE: 1 COLCHA DE 240x250cm + 2 FUNDA 50x70cm.","3000.00","https://nuve-s3-dev.s3.amazonaws.com/media/public/product_images/COLCHA_DOHLER_PROVENCA_QUEEN_-_VERDE_AGUA_9aa2c5b2-61b0-11f0-9674-0242ac110002/9aa110b4-61b0-11f0-9674-0242ac110002.jpg","Cama",,,
5003,"5015 5011 5005 5004 5002 4999","COLCHA DOHLER PROVENCA FULL - VERDE AGUA","7900033036621 COLCHA DOHLER TAMAÑO 2 PLAZAS - MATERIAL: 100% POLIESTER - GRAMAJE: 260G/M2 - INCLUYE: 1 COLCHA DE 220x250cm + 2 FUNDAS 50x70cm.","2775.00","https://nuve-s3-dev.s3.amazonaws.com/media/public/product_images/COLCHA_DOHLER_PROVENCA_FULL_-_VERDE_AGUA_76ffdb54-61b0-11f0-abb1-0242ac110002/76fe25d4-61b0-11f0-abb1-0242ac110002.jpg","Cama",,,
5002,"5014 5010 5005 5004 5003 4998","COLCHA DOHLER PROVENCA TWIN - VERDE AGUA","7900033036683 COLCHA DOHLER TAMAÑO 1 PLAZA - MATERIAL: 100% POLIESTER - GRAMAJE: 260G/M2 - INCLUYE: 1 COLCHA DE 160x250cm + 1 FUNDA 50x70cm.","1950.00","https://nuve-s3-dev.s3.amazonaws.com/media/public/product_images/COLCHA_DOHLER_PROVENCA_TWIN_-_VERDE_AGUA_506e6a96-61b0-11f0-9674-0242ac110002/506c7d62-61b0-11f0-9674-0242ac110002.jpg","Cama",,,
5001,"5018 5013 5005 5000 4999 4998","COLCHA DOHLER PROVENCA KING - BLANCO","7900033036584 COLCHA DOHLER TAMAÑO KING SIZE - MATERIAL: 100% POLIESTER - GRAMAJE: 260G/M2 - INCLUYE: 1 COLCHA DE 280x250cm + 2 FUNDA 50x70cm.","3150.00","https://nuve-s3-dev.s3.amazonaws.com/media/public/product_images/COLCHA_DOHLER_PROVENCA_KING_-_BLANCO_33370424-61a6-11f0-9674-0242ac110002/3335a638-61a6-11f0-9674-0242ac110002.jpg","Cama",,,
5000,"5016 5012 5008 5004 5001 4999 4998","COLCHA DOHLER PROVENCA QUEEN - BLANCO","7900033036522 COLCHA DOHLER TAMAÑO QUEEN SIZE - MATERIAL: 100% POLIESTER - GRAMAJE: 260G/M2 - INCLUYE: 1 COLCHA DE 240x250cm + 2 FUNDA 50x70cm.","3000.00","https://nuve-s3-dev.s3.amazonaws.com/media/public/product_images/COLCHA_DOHLER_PROVENCA_QUEEN_-_BLANCO_0bed5e90-61a6-11f0-abb1-0242ac110002/0bec0f9a-61a6-11f0-abb1-0242ac110002.jpg","Cama",,,
4999,"5015 5011 5003 5001 5000 4998","COLCHA DOHLER PROVENCA FULL - BLANCO","7900033036614 COLCHA DOHLER TAMAÑO 2 PLAZAS - MATERIAL: 100% POLIESTER - GRAMAJE: 260G/M2 - INCLUYE: 1 COLCHA DE 220x250cm + 2 FUNDAS 50x70cm.","2775.00","https://nuve-s3-dev.s3.amazonaws.com/media/public/product_images/COLCHA_DOHLER_PROVENCA_FULL_-_BLANCO_e1969490-61a5-11f0-8f94-0242ac110002/e195231c-61a5-11f0-8f94-0242ac110002.jpg","Cama",,,
4998,"5014 5010 5002 5001 5000 4999","COLCHA DOHLER PROVENCA TWIN - BLANCO","7900033036676 COLCHA DOHLER TAMAÑO 1 PLAZA - MATERIAL: 100% POLIESTER - GRAMAJE: 260G/M2 - INCLUYE: 1 COLCHA DE 160x250cm + 1 FUNDA 50x70cm.","1950.00","https://nuve-s3-dev.s3.amazonaws.com/media/public/product_images/COLCHA_DOHLER_PROVENCA_TWIN_-_BLANCO_bcc9060c-61a5-11f0-9674-0242ac110002/bcc793ee-61a5-11f0-9674-0242ac110002.jpg","Cama",,,
4997,,"PARAGUAS STITCH CELESTE","7730784168445 ""PARAGUAS INFANTIL - TAMAÑO: 90cm DE DIAMETRO. SE ABRE FÁCIL CON BOTÓN.""","675.00","https://nuve-s3-dev.s3.amazonaws.com/media/public/product_images/PARAGUAS_STITCH_CELESTE_04753496-60e6-11f0-abb1-0242ac110002/0473384e-60e6-11f0-abb1-0242ac110002.jpg","Infantil",,,
4996,,"PARAGUAS SPIDER NEGRO","7730784168438 ""PARAGUAS INFANTIL - TAMAÑO: 90cm DE DIAMETRO. SE ABRE FÁCIL CON BOTÓN.""","675.00","https://nuve-s3-dev.s3.amazonaws.com/media/public/product_images/PARAGUAS_SPIDER_NEGRO_da574dac-60e5-11f0-8f94-0242ac110002/da550510-60e5-11f0-8f94-0242ac110002.jpg","Infantil",,,
4995,,"PARAGUAS PAW PATROL MASC ROJO","7730784168384 ""PARAGUAS INFANTIL - TAMAÑO: 90cm DE DIAMETRO. SE ABRE FÁCIL CON BOTÓN.""","675.00","https://nuve-s3-dev.s3.amazonaws.com/media/public/product_images/PARAGUAS_PAW_PATROL_MASC_ROJO_af76759a-60e5-11f0-abb1-0242ac110002/af74d9ce-60e5-11f0-abb1-0242ac110002.jpg","Infantil",,,
4994,,"PARAGUAS MICKEY AZUL","7730784168407 ""PARAGUAS INFANTIL - TAMAÑO: 90cm DE DIAMETRO. SE ABRE FÁCIL CON BOTÓN.""","675.00","https://nuve-s3-dev.s3.amazonaws.com/media/public/product_images/PARAGUAS_MICKEY_AZUL_8d60814e-60e5-11f0-abb1-0242ac110002/8d5ef338-60e5-11f0-abb1-0242ac110002.jpg","Infantil",,,
4993,,"PARAGUAS GABBY ROSA","7730784168421 ""PARAGUAS INFANTIL - TAMAÑO: 90cm DE DIAMETRO. SE ABRE FÁCIL CON BOTÓN.""","675.00","https://nuve-s3-dev.s3.amazonaws.com/media/public/product_images/PARAGUAS_GABBY_ROSA_692945c2-60e5-11f0-abb1-0242ac110002/6927a050-60e5-11f0-abb1-0242ac110002.jpg","Infantil",,,
4992,,"PARAGUAS FROZEN MENTA","7730784168414 ""PARAGUAS INFANTIL - TAMAÑO: 90cm DE DIAMETRO. SE ABRE FÁCIL CON BOTÓN.""","675.00","https://nuve-s3-dev.s3.amazonaws.com/media/public/product_images/PARAGUAS_FROZEN_MENTA_46739320-60e5-11f0-abb1-0242ac110002/467203f2-60e5-11f0-abb1-0242ac110002.jpg","Infantil",,,
3338,"4991","VASO SHAKE 500 ML PEÑAROL","7899808808085 VASO DE PLASTICO DE 500 ML CON TAPA Y SORBITO. MEDIDAS: 9,6 x 9.2 x 23.3cm. BPA FREE.","127.50","https://nuve-s3-dev.s3.amazonaws.com/media/public/product_images/VASO_SHAKE_500_ML_PE%C3%91AROL_2c7fda46-60c7-11f0-abb1-0242ac110002/Imagen_de_WhatsApp_2025-07-14_a_las_12.23.32_8aaca9a9.jpg","Infantil",,,
4991,"3338","VASO SHAKE 500 ML KUROMI","7899808829080 ""VASO DE PLASTICO DE 500 ML CON TAPA Y SORBITO. MEDIDAS: 9,6 x 23.3cm. BPA FREE.""","150.00","https://nuve-s3-dev.s3.amazonaws.com/media/public/product_images/VASO_SHAKE_500_ML_KUROMI_c74063fe-5e90-11f0-9674-0242ac110002/c73eb068-5e90-11f0-9674-0242ac110002.jpg","Infantil",,,
4990,,"VASO 700 ML C/PAJITA KUROMI","7899808828700 VASO CON SORBITO DE PLASTICO - CAPACIDAD: 700ml - MEDIDAS: 9.5cm DIAMETRO x 17cm ALTURA - LIBRE DE BPA.","187.50","https://nuve-s3-dev.s3.amazonaws.com/media/public/product_images/VASO_700_ML_C/PAJITA_KUROMI_a6828dc2-5e90-11f0-abb1-0242ac110002/a680a9e4-5e90-11f0-abb1-0242ac110002.jpg","Infantil",,,
4987,,"VASO 320 ML KUROMI","7899808829103 VASO DE PLASTICO IDEAL PARA ACOMPAÑAR LAS COMIDAS - MATERIAL: POLIPROPILENO - CAPACIDAD: 320ml - LIBRE DE BPA.","97.50","https://nuve-s3-dev.s3.amazonaws.com/media/public/product_images/VASO_320_ML_KUROMI_e411e402-5e8c-11f0-abb1-0242ac110002/e40fd928-5e8c-11f0-abb1-0242ac110002.jpg","Infantil",,,
4986,,"TAZA 360 ML CONICA KUROMI","7899808829035 TAZA IDEAL PARA DESAYUNOS Y MERIENDAS. CAPACIDAD: 360ml . DIMENSIONES 11.1x8.7x10.2 cm. BPA FREE.","120.00","https://nuve-s3-dev.s3.amazonaws.com/media/public/product_images/TAZA_360_ML_CONICA_KUROMI_bb9d10aa-5e8c-11f0-9674-0242ac110002/bb9b6d04-5e8c-11f0-9674-0242ac110002.jpg","Infantil",,,
4985,,"LUNCHERA FUNNY KUROMI","8412497883745 LUNCHERA RECTANGULAR E PLASTICO - MEDIDAS: 14cm ANCHO, 17cm LARGO, 5.5cm ALTO aprox - CIERRE CON TRABA - LIBRE DE BPA.","292.50","https://nuve-s3-dev.s3.amazonaws.com/media/public/product_images/LUNCHERA_FUNNY_KUROMI_96bcdfd6-5e8c-11f0-abb1-0242ac110002/96bad920-5e8c-11f0-abb1-0242ac110002.jpg","Infantil",,,
4984,"4558 4557 4555","POTE C/TRABA DIV 850ML KUROMI","7899808829127 LUNCHERA DE PLASTICO CON DIVISIÓN Y CIERRE CON TRABA. CAPACIDAD: 850ML - MEDIDAS: 13.5cm ANCHO, 17.5cm LARGO, 7.5cm ALTURA. LIBRE DE BPA.","225.00","https://nuve-s3-dev.s3.amazonaws.com/media/public/product_images/POTE_C/TRABA_DIV_850ML_KUROMI_6e69ed80-5e8c-11f0-9674-0242ac110002/6e685a1a-5e8c-11f0-9674-0242ac110002.jpg","Infantil",,,
4983,,"POTE TAPA ROSCA 300ML KUROMI","7899808829042 ""RECIPIENTE CON TAPA ROSCA, CAPACIDAD 300 ML, IDEAL PARA SNACK. MATERIAL POLIPROPILENO.""","75.00","https://nuve-s3-dev.s3.amazonaws.com/media/public/product_images/POTE_TAPA_ROSCA_300ML_KUROMI_450ed324-5e8c-11f0-8f94-0242ac110002/450d39ec-5e8c-11f0-8f94-0242ac110002.jpg","Infantil",,,
2819,,"ESPATULA SILICONA DISNEY FAMILY","8412497777440 ESPATULA DE SILICONA CON MANGO DE ACERO INOXIDABLE. RESISTENTE AL CALOR. NO DAÑA LAS SUPERFICIES DELICADAS.","224.25","https://nuve-s3-dev.s3.amazonaws.com/media/public/product_images/ESPATULA_SILICONA_DISNEY_FAMILY_d1d5df5a-74dc-11ee-bd2b-0242ac110002/d1d46ad0-74dc-11ee-bd2b-0242ac110002.jpg","Hogar",,,
3024,"3023 4484 4483 3021","BOTELLA 350ML SIPPER MICKEY","8412497590506 BOTELLA CON BOQUILLA CON SORBITO PARA BEBER. FORRADA EN DISEÑO COMPLETO DEL PERSONAJE. CAPACIDAD: 350ml - MEDIDAS: 17cm ALTO x 6cm DIAMETRO.","480.00","https://nuve-s3-dev.s3.amazonaws.com/media/public/product_images/BOTELLA_350ML_SIPPER_MICKEY_b43abf10-8576-11ee-be1d-0242ac110002/b4395f8a-8576-11ee-be1d-0242ac110002.jpg","Infantil",,,
3023,"3024 4484 4483 3021","BOTELLA 350ML SIPPER HULK","8412497538522 BOTELLA CON BOQUILLA CON SORBITO PARA BEBER. FORRADA EN DISEÑO COMPLETO DEL PERSONAJE. CAPACIDAD: 350ml - MEDIDAS: 17cm ALTO x 6cm DIAMETRO.","480.00","https://nuve-s3-dev.s3.amazonaws.com/media/public/product_images/BOTELLA_350ML_SIPPER_HULK_953fc8b2-8576-11ee-941c-0242ac110002/953e43fc-8576-11ee-941c-0242ac110002.jpg","Infantil",,,
4484,"3024 3023 4483 3021","BOTELLA 350ML SIPPER FROZEN","8412497742516 ""BOTELLA CON BOQUILLA CON SORBITO PARA BEBER. FORRADA EN DISEÑO COMPLETO DEL PERSONAJE. CAPACIDAD: 350ml - MEDIDAS: 17cm ALTO x 6cm DIAMETRO.""","480.00","https://nuve-s3-dev.s3.amazonaws.com/media/public/product_images/BOTELLA_350ML_SIPPER_FROZEN_ce5ea9ea-f098-11ef-a7bd-0242ac110002/ce5cb64e-f098-11ef-a7bd-0242ac110002.jpg","Infantil",,,
4483,"3024 3023 4484 3021","BOTELLA 350ML SIPPER BLUEY","8412497086665 ""BOTELLA CON BOQUILLA CON SORBITO PARA BEBER. FORRADA EN DISEÑO COMPLETO DEL PERSONAJE. CAPACIDAD: 350ml - MEDIDAS: 17cm ALTO x 6cm DIAMETRO.""","480.00","https://nuve-s3-dev.s3.amazonaws.com/media/public/product_images/BOTELLA_350ML_SIPPER_BLUEY_be6ef72e-f098-11ef-a124-0242ac110002/be6cf0fa-f098-11ef-a124-0242ac110002.jpg","Infantil",,,
3021,"3024 3023 4484 4483","BOTELLA 350ML SIPPER AVENG","8412497741519 BOTELLA CON BOQUILLA CON SORBITO PARA BEBER. FORRADA EN DISEÑO COMPLETO DEL PERSONAJE. CAPACIDAD: 350ml - MEDIDAS: 17cm ALTO x 6cm DIAMETRO.","480.00","https://nuve-s3-dev.s3.amazonaws.com/media/public/product_images/BOTELLA_350ML_SIPPER_AVENG_470b7150-8576-11ee-941c-0242ac110002/47098e44-8576-11ee-941c-0242ac110002.jpg","Infantil",,,
4558,"4984 4557 4555","POTE C/TRABA Y DIV 850ML TORTUGAS","7899808851029 ""LUNCHERA DE PLASTICO CON DIVISIÓN Y CIERRE CON TRABA. CAPACIDAD: 850ML - MEDIDAS: 13.5cm ANCHO, 17.5cm LARGO, 7.5cm ALTURA. LIBRE DE BPA.""","225.00","https://nuve-s3-dev.s3.amazonaws.com/media/public/product_images/POTE_C/TRABA_Y_DIV_850ML_TORTUGAS_2eeb496e-f461-11ef-a097-0242ac110002/2ee97d78-f461-11ef-a097-0242ac110002.jpg","Infantil",,,
4557,"4984 4558 4555","POTE C/TRABA Y DIV 850ML PEPPA","7899808864210 ""LUNCHERA DE PLASTICO CON DIVISIÓN Y CIERRE CON TRABA. CAPACIDAD: 850ML - MEDIDAS: 13.5cm ANCHO, 17.5cm LARGO, 7.5cm ALTURA. LIBRE DE BPA.""","225.00","https://nuve-s3-dev.s3.amazonaws.com/media/public/product_images/POTE_C/TRABA_Y_DIV_850ML_PEPPA_214e73bc-f461-11ef-a124-0242ac110002/214c9024-f461-11ef-a124-0242ac110002.jpg","Infantil",,,
4555,"4984 4558 4557","POTE C/TRABA Y DIV 850ML JURASSIC","7899808845479 ""LUNCHERA DE PLASTICO CON DIVISIÓN Y CIERRE CON TRABA. CAPACIDAD: 850ML - MEDIDAS: 13.5cm ANCHO, 17.5cm LARGO, 7.5cm ALTURA. LIBRE DE BPA.""","225.00","https://nuve-s3-dev.s3.amazonaws.com/media/public/product_images/POTE_C/TRABA_Y_DIV_850ML_JURASSIC_03a7a9b4-f461-11ef-a097-0242ac110002/03a59458-f461-11ef-a097-0242ac110002.jpg","Infantil",,,
3926,,"MESA INDIVIDUAL BAMBOO MENTA - MENTA","7730784156152 INDIVIDUAL IDEAL PARA DECORAR LA MESA Y PROTEGERLA - COLORES ATRACTIVOS CON EXCELENTE TERMINACIÓN LO QUE LE DA UNA MAYOR DURACIÓN - MATERIAL: BAMBOO. MEDIDAS: 30x45cm.","89.25","https://nuve-s3-dev.s3.amazonaws.com/media/public/product_images/MESA_INDIVIDUAL_BAMBOO_MENTA_-_MENTA_dcd559f8-b883-11ef-97ac-0242ac110002/dcd360a8-b883-11ef-97ac-0242ac110002.jpg","Hogar",,,
4982,,"BUZO/PELUCHE MAGICO UNICORNIO VIOLETA","7730784128401 SE ALMACENA COMO UN PELUCHE, PERO CUANDO SE ABRE, ES UN BUZO DE INVIERNO DE GRAN TAMAÑO ULTRA SUAVE Y CÁLIDO. EL MUÑECO PLIEGA MÁGICAMENTE EN LA CAPUCHA Y QUEDA BIEN CUIDADA EN EL INTERIOR, QUEDANDO COMO UN LINDO PELUCHE. TALLE UNICO.","600.00","https://nuve-s3-dev.s3.amazonaws.com/media/public/product_images/BUZO/PELUCHE_MAGICO_UNICORNIO_VIOLETA_5795fa3c-5779-11f0-abb1-0242ac110002/57941cbc-5779-11f0-abb1-0242ac110002.jpg","Ropa",,,
4981,,"BUZO/PELUCHE MAGICO DINOSAURIO VERDE","7730784128418 SE ALMACENA COMO UN PELUCHE, PERO CUANDO SE ABRE, ES UN BUZO DE INVIERNO DE GRAN TAMAÑO ULTRA SUAVE Y CÁLIDO. EL MUÑECO PLIEGA MÁGICAMENTE EN LA CAPUCHA Y QUEDA BIEN CUIDADA EN EL INTERIOR, QUEDANDO COMO UN LINDO PELUCHE. TALLE UNICO.","600.00","https://nuve-s3-dev.s3.amazonaws.com/media/public/product_images/BUZO/PELUCHE_MAGICO_DINOSAURIO_VERDE_c56647ac-5778-11f0-abb1-0242ac110002/c563e0ca-5778-11f0-abb1-0242ac110002.jpg","Ropa",,,
4315,"4314 4312 4310","CUBIERTOS NIÑO SET X 3 TOY STORY DKS900","7896211852780 ""SET X3 CUBIERTOS INFANTILES. CONTIENE: CUCHARA, CUCHILLO Y TENEDOR.""","247.50","https://nuve-s3-dev.s3.amazonaws.com/media/public/product_images/CUBIERTOS_NI%C3%91O_SET_X_3_TOY_STORY_DKS900_36beaace-ed5d-11ef-a7bd-0242ac110002/36bcc484-ed5d-11ef-a7bd-0242ac110002.jpg","Infantil",,,
4314,"4315 4313 4312 4311 4310","CUBIERTOS NIÑO SET X 3 SPIDER DKS900 - AZUL","7896211829003 ""SET X3 CUBIERTOS INFANTILES. CONTIENE: CUCHARA, CUCHILLO Y TENEDOR.""","247.50","https://nuve-s3-dev.s3.amazonaws.com/media/public/product_images/CUBIERTOS_NI%C3%91O_SET_X_3_SPIDER_DKS900_-_AZUL_23c5fc4c-ed5d-11ef-a097-0242ac110002/23c43d6c-ed5d-11ef-a097-0242ac110002.jpg","Infantil",,,
4313,"4314 4312 4311 4310","CUBIERTOS NIÑO SET X 3 MINNIE DKS900 - ROSA","7896211828938 ""SET X3 CUBIERTOS INFANTILES. CONTIENE: CUCHARA, CUCHILLO Y TENEDOR.""","247.50","https://nuve-s3-dev.s3.amazonaws.com/media/public/product_images/CUBIERTOS_NI%C3%91O_SET_X_3_MINNIE_DKS900_-_ROSA_1241273a-ed5d-11ef-a124-0242ac110002/123f4d84-ed5d-11ef-a124-0242ac110002.jpg","Infantil",,,
4312,"4315 4314 4313 4311 4310","CUBIERTOS NIÑO SET X 3 MICKEY DKS900 - AZUL","7896211828952 ""SET X3 CUBIERTOS INFANTILES. CONTIENE: CUCHARA, CUCHILLO Y TENEDOR.""","247.50","https://nuve-s3-dev.s3.amazonaws.com/media/public/product_images/CUBIERTOS_NI%C3%91O_SET_X_3_MICKEY_DKS900_-_AZUL_fd653de2-ed5c-11ef-a124-0242ac110002/fd632390-ed5c-11ef-a124-0242ac110002.jpg","Infantil",,,
4311,"4314 4313 4312 4310","CUBIERTOS NIÑO SET X 3 FROZEN DKS900 - CELESTE","7896211828891 ""SET X3 CUBIERTOS INFANTILES. CONTIENE: CUCHARA, CUCHILLO Y TENEDOR.""","247.50","https://nuve-s3-dev.s3.amazonaws.com/media/public/product_images/CUBIERTOS_NI%C3%91O_SET_X_3_FROZEN_DKS900_-_CELESTE_eb606b9e-ed5c-11ef-a124-0242ac110002/eb5da530-ed5c-11ef-a124-0242ac110002.jpg","Infantil",,,
4310,"4315 4314 4313 4312 4311","CUBIERTOS NIÑO SET X 3 CARS DKS900","7896211828877 ""SET X3 CUBIERTOS INFANTILES. CONTIENE: CUCHARA, CUCHILLO Y TENEDOR.""","247.50","https://nuve-s3-dev.s3.amazonaws.com/media/public/product_images/CUBIERTOS_NI%C3%91O_SET_X_3_CARS_DKS900_d6b67602-ed5c-11ef-a7bd-0242ac110002/d6b49904-ed5c-11ef-a7bd-0242ac110002.jpg","Infantil",,,
4980,"4979 4978 4977 4976 4975 4974","BAÑO BATA MIC. FLANNEL HOME CLASS TALLE GG - VERDE - VERDE","7730784166885","1499.25","https://nuve-s3-dev.s3.amazonaws.com/media/public/product_images/BA%C3%91O_BATA_MIC._FLANNEL_HOME_CLASS_TALLE_GG_-_VERDE_-_VERDE_8d21e7ca-5390-11f0-aed5-0242ac110002/8d1febdc-5390-11f0-aed5-0242ac110002.jpg","Baño",,,
4979,"4980 4978 4977 4976 4975 4974","BAÑO BATA MIC. FLANNEL HOME CLASS TALLE G - VERDE - VERDE","7730784166601 ""BATA DOHLER 100% MICROFIBRA - TALLE G / MEDIDAS APROX - MANGA: 55cm / LARGO: 120cm,","1499.25","https://nuve-s3-dev.s3.amazonaws.com/media/public/product_images/BA%C3%91O_BATA_MIC._FLANNEL_HOME_CLASS_TALLE_G_-_VERDE_-_VERDE_72fb17e0-5390-11f0-90a5-0242ac110002/72f77130-5390-11f0-90a5-0242ac110002.jpg","Baño",,,
4978,"4980 4979 4977 4976 4975 4974","BAÑO BATA MIC. FLANNEL HOME CLASS TALLE M - VERDE - VERDE","7730784166892 ""BATA DOHLER 100% MICROFIBRA - TALLE M / MEDIDAS APROX - MANGA: 52cm / LARGO: 115cm,","1499.25","https://nuve-s3-dev.s3.amazonaws.com/media/public/product_images/BA%C3%91O_BATA_MIC._FLANNEL_HOME_CLASS_TALLE_M_-_VERDE_-_VERDE_5657d6dc-5390-11f0-babb-0242ac110002/5655cbda-5390-11f0-babb-0242ac110002.jpg","Baño",,,
4977,"4980 4979 4978 4976 4975 4974","BAÑO BATA MIC. FLANNEL HOME CLASS TALLE GG - BLANCO","7730784084080 ""BATA DOHLER 100% MICROFIBRA - TALLE GG / MEDIDAS APROX - MANGA: 57cm / LARGO: 123cm,","1499.25","https://nuve-s3-dev.s3.amazonaws.com/media/public/product_images/BA%C3%91O_BATA_MIC._FLANNEL_HOME_CLASS_TALLE_GG_-_BLANCO_8ddcd716-538f-11f0-aed5-0242ac110002/8ddaefc8-538f-11f0-aed5-0242ac110002.jpg","Baño",,,
4976,"4980 4979 4978 4977 4975 4974","BAÑO BATA MIC. FLANNEL HOME CLASS TALLE G - BLANCO - BLANCO","7730784166618 ""BATA DOHLER 100% MICROFIBRA - TALLE G / MEDIDAS APROX - MANGA: 55cm / LARGO: 120cm,","1499.25","https://nuve-s3-dev.s3.amazonaws.com/media/public/product_images/BA%C3%91O_BATA_MIC._FLANNEL_HOME_CLASS_TALLE_G_-_BLANCO_-_BLANCO_6d42d97e-538f-11f0-babb-0242ac110002/6d40f2ee-538f-11f0-babb-0242ac110002.jpg","Baño",,,
4975,"4980 4979 4978 4977 4976 4974","BAÑO BATA MIC. FLANNEL HOME CLASS TALLE M - BLANCO","7730784083960 ""BATA DOHLER 100% MICROFIBRA - TALLE M / MEDIDAS APROX - MANGA: 52cm / LARGO: 115cm,","1499.25","https://nuve-s3-dev.s3.amazonaws.com/media/public/product_images/BA%C3%91O_BATA_MIC._FLANNEL_HOME_CLASS_TALLE_M_-_BLANCO_50a5f364-538f-11f0-90a5-0242ac110002/50a3d2a0-538f-11f0-90a5-0242ac110002.jpg","Baño",,,
4974,"4980 4979 4978 4977 4976 4975 4970","BAÑO BATA MIC. FLANNEL HOME CLASS TALLE P - BLANCO","7730784083908 ""BATA DOHLER 100% MICROFIBRA - TALLE P / MEDIDAS APROX - MANGA: 50cm / LARGO: 112cm,","1499.25","https://nuve-s3-dev.s3.amazonaws.com/media/public/product_images/BA%C3%91O_BATA_MIC._FLANNEL_HOME_CLASS_TALLE_P_-_BLANCO_32159fda-538f-11f0-babb-0242ac110002/3213cd4a-538f-11f0-babb-0242ac110002.jpg","Baño",,,
4970,"4974 4969 4968 4967","BAÑO BATA MIC. FLANNEL DOHLER TALLE P - BORDO","7730784143947 ""BATA DOHLER 100% MICROFIBRA - TALLE P / MEDIDAS APROX - MANGA: 50cm / LARGO: 112cm,","1499.25","https://nuve-s3-dev.s3.amazonaws.com/media/public/product_images/BA%C3%91O_BATA_MIC._FLANNEL_DOHLER_TALLE_P_-_BORDO_63d1a1dc-538e-11f0-babb-0242ac110002/63cf96b2-538e-11f0-babb-0242ac110002.jpg","Baño",,,
4969,"4970 4968 4967","BATA DOHLER MIC. FLANNEL TALLE GG - TERRACOTA","7730784084110 ""BATA DOHLER 100% MICROFIBRA - TALLE GG / MEDIDAS APROX - MANGA: 57cm / LARGO: 123cm.""","1499.25","https://nuve-s3-dev.s3.amazonaws.com/media/public/product_images/BATA_DOHLER_MIC._FLANNEL_TALLE_GG_-_TERRACOTA_44d1d00e-538e-11f0-babb-0242ac110002/44cfde7a-538e-11f0-babb-0242ac110002.jpg","Baño",,,
4968,"4970 4969 4967","BATA DOHLER MIC. FLANNEL TALLE M - TERRACOTA","7730784083991 ""BATA DOHLER 100% MICROFIBRA - TALLE M / MEDIDAS APROX - MANGA: 52cm / LARGO: 115cm.""","1499.25","https://nuve-s3-dev.s3.amazonaws.com/media/public/product_images/BATA_DOHLER_MIC._FLANNEL_TALLE_M_-_TERRACOTA_230ba382-538e-11f0-babb-0242ac110002/2309d44e-538e-11f0-babb-0242ac110002.jpg","Baño",,,
4967,"4970 4969 4968","BATA DOHLER MIC. FLANNEL TALLE GG - BEIGE","7730784092245 ""BATA DOHLER 100% MICROFIBRA - TALLE GG / MEDIDAS APROX - MANGA: 57cm / LARGO: 123cm.""","1499.25","https://nuve-s3-dev.s3.amazonaws.com/media/public/product_images/BATA_DOHLER_MIC._FLANNEL_TALLE_GG_-_BEIGE_0519875e-538e-11f0-babb-0242ac110002/0517a7cc-538e-11f0-babb-0242ac110002.jpg","Baño",,,
4966,"4965 4964 4963 4960","MEDIA NIÑO JACQ PACK X 2 PAW VERDE/ROSA 27/30","7730784142049 PACK X2 PARES MEDIAS PARA NIÑOS SUBLIMADAS - TALLES: 19/22 - 23/26 - 27/30 - COMPOSICIÓN: 68% ALGODÓN, 28% POLIESTER Y 4% ELASTANO.","277.50","https://nuve-s3-dev.s3.amazonaws.com/media/public/product_images/MEDIA_NI%C3%91O_JACQ_PACK_X_2_PAW_VERDE/ROSA_27/30_f633808c-51fd-11f0-90a5-0242ac110002/f631ee52-51fd-11f0-90a5-0242ac110002.jpg","Ropa",,,
4965,"4966 4964 4962 4959","MEDIA NIÑO JACQ PACK X 2 PAW VERDE/ROSA 23/26","7730784142032 PACK X2 PARES MEDIAS PARA NIÑOS SUBLIMADAS - TALLES: 19/22 - 23/26 - 27/30 - COMPOSICIÓN: 68% ALGODÓN, 28% POLIESTER Y 4% ELASTANO.","277.50","https://nuve-s3-dev.s3.amazonaws.com/media/public/product_images/MEDIA_NI%C3%91O_JACQ_PACK_X_2_PAW_VERDE/ROSA_23/26_cdf08be2-51fd-11f0-90a5-0242ac110002/cdeee288-51fd-11f0-90a5-0242ac110002.jpg","Ropa",,,
4964,"4966 4965 4961 4958","MEDIA NIÑO JACQ PACK X 2 PAW VERDE/ROSA 19/22","7730784142025 PACK X2 PARES MEDIAS PARA NIÑOS SUBLIMADAS - TALLES: 19/22 - 23/26 - 27/30 - COMPOSICIÓN: 68% ALGODÓN, 28% POLIESTER Y 4% ELASTANO.","277.50","https://nuve-s3-dev.s3.amazonaws.com/media/public/product_images/MEDIA_NI%C3%91O_JACQ_PACK_X_2_PAW_VERDE/ROSA_19/22_abe981e8-51fd-11f0-babb-0242ac110002/abe76fc0-51fd-11f0-babb-0242ac110002.jpg","Ropa",,,
4963,"4966 4962 4961 4960","MEDIA NIÑO JACQ PACK X 2 PAW ROJO/AZUL 27/30","7730784142131 PACK X2 PARES MEDIAS PARA NIÑOS SUBLIMADAS - TALLES: 19/22 - 23/26 - 27/30 - COMPOSICIÓN: 68% ALGODÓN, 28% POLIESTER Y 4% ELASTANO.","277.50","https://nuve-s3-dev.s3.amazonaws.com/media/public/product_images/MEDIA_NI%C3%91O_JACQ_PACK_X_2_PAW_ROJO/AZUL_27/30_87889d20-51fd-11f0-90a5-0242ac110002/8786e994-51fd-11f0-90a5-0242ac110002.jpg","Ropa",,,
4962,"4965 4963 4961 4959","MEDIA NIÑO JACQ PACK X 2 PAW ROJO/AZUL 23/26","7730784142124 PACK X2 PARES MEDIAS PARA NIÑOS SUBLIMADAS - TALLES: 19/22 - 23/26 - 27/30 - COMPOSICIÓN: 68% ALGODÓN, 28% POLIESTER Y 4% ELASTANO.","277.50","https://nuve-s3-dev.s3.amazonaws.com/media/public/product_images/MEDIA_NI%C3%91O_JACQ_PACK_X_2_PAW_ROJO/AZUL_23/26_5f78619e-51fd-11f0-babb-0242ac110002/5f748628-51fd-11f0-babb-0242ac110002.jpg","Ropa",,,
4961,"4964 4963 4962 4958","MEDIA NIÑO JACQ PACK X 2 PAW ROJO/AZUL 19/22","7730784142117 PACK X2 PARES MEDIAS PARA NIÑOS SUBLIMADAS - TALLES: 19/22 - 23/26 - 27/30 - COMPOSICIÓN: 68% ALGODÓN, 28% POLIESTER Y 4% ELASTANO.","277.50","https://nuve-s3-dev.s3.amazonaws.com/media/public/product_images/MEDIA_NI%C3%91O_JACQ_PACK_X_2_PAW_ROJO/AZUL_19/22_3f32feb2-51fd-11f0-aed5-0242ac110002/3f310274-51fd-11f0-aed5-0242ac110002.jpg","Ropa",,,
4960,"4966 4963 4959 4958","MEDIA NIÑO JACQ PACK X 2 PAW GR/FUCSIA 27/30","7730784132279 PACK X2 PARES MEDIAS PARA NIÑOS SUBLIMADAS - TALLES: 19/22 - 23/26 - 27/30 - COMPOSICIÓN: 68% ALGODÓN, 28% POLIESTER Y 4% ELASTANO.","277.50","https://nuve-s3-dev.s3.amazonaws.com/media/public/product_images/MEDIA_NI%C3%91O_JACQ_PACK_X_2_PAW_GR/FUCSIA_27/30_0740b684-51fd-11f0-babb-0242ac110002/073ecc16-51fd-11f0-babb-0242ac110002.jpg","Ropa",,,
4959,"4965 4962 4960 4958","MEDIA NIÑO JACQ PACK X 2 PAW GR/FUCSIA 23/26","7730784132262 PACK X2 PARES MEDIAS PARA NIÑOS SUBLIMADAS - TALLES: 19/22 - 23/26 - 27/30 - COMPOSICIÓN: 68% ALGODÓN, 28% POLIESTER Y 4% ELASTANO.","277.50","https://nuve-s3-dev.s3.amazonaws.com/media/public/product_images/MEDIA_NI%C3%91O_JACQ_PACK_X_2_PAW_GR/FUCSIA_23/26_ecebb2de-51fc-11f0-babb-0242ac110002/ece9f124-51fc-11f0-babb-0242ac110002.jpg","Ropa",,,
4958,"4964 4961 4960 4959","MEDIA NIÑO JACQ PACK X 2 PAW GR/FUCSIA 19/22","7730784132255 PACK X2 PARES MEDIAS PARA NIÑOS SUBLIMADAS - TALLES: 19/22 - 23/26 - 27/30 - COMPOSICIÓN: 68% ALGODÓN, 28% POLIESTER Y 4% ELASTANO.","277.50","https://nuve-s3-dev.s3.amazonaws.com/media/public/product_images/MEDIA_NI%C3%91O_JACQ_PACK_X_2_PAW_GR/FUCSIA_19/22_d0b959e0-51fc-11f0-aed5-0242ac110002/d0b7e4b6-51fc-11f0-aed5-0242ac110002.jpg","Ropa",,,
4957,,"PLAYERA VELOUR 70*130 V PAW PATROL - AZUL","7900033025595 TOALLA INFANTIL - MEDIDAS: 70x130cm - MATERIAL: 100% ALGODÓN - ATERCIOPELADA, MUY SUAVE.","825.00","https://nuve-s3-dev.s3.amazonaws.com/media/public/product_images/PLAYERA_VELOUR_70*130_V_PAW_PATROL_-_AZUL_970cb674-51fc-11f0-aed5-0242ac110002/970aeb50-51fc-11f0-aed5-0242ac110002.jpg","Baño",,,
